标题,PDF链接,发布时间,股票代码,初步分类
RMX Accelerates Antimony-Gold Program at Armidale 18 pages 3.0MB,https://www.asx.com.au/asx/v2/statistics/displayAnnouncement.do?display=pdf&idsId=02968485,"11/07/2025
9:21 am",RMX,other
Option Exercised to Acquire High-Grade Canadian Gold Project 5 pages 558.5KB,https://www.asx.com.au/asx/v2/statistics/displayAnnouncement.do?display=pdf&idsId=02968477,"11/07/2025
9:16 am",BYH,acquisition
SSM awarded further nbn fibre upgrade works in the ACT 2 pages 152.0KB,https://www.asx.com.au/asx/v2/statistics/displayAnnouncement.do?display=pdf&idsId=02968475,"11/07/2025
9:14 am",SSM,other
Security Class Suspension from Quotation 1 page 105.4KB,https://www.asx.com.au/asx/v2/statistics/displayAnnouncement.do?display=pdf&idsId=02968471,"11/07/2025
9:13 am",IVX,trading
Ventia awarded additional fibre upgrade works with NBN Co 2 pages 233.3KB,https://www.asx.com.au/asx/v2/statistics/displayAnnouncement.do?display=pdf&idsId=02968461,"11/07/2025
9:08 am",VNT,other
Trading Halt 2 pages 237.6KB,https://www.asx.com.au/asx/v2/statistics/displayAnnouncement.do?display=pdf&idsId=02968456,"11/07/2025
9:06 am",M4M,trading
Kingston Receives $50 Million from Misima Divestment 1 page 198.5KB,https://www.asx.com.au/asx/v2/statistics/displayAnnouncement.do?display=pdf&idsId=02968455,"11/07/2025
9:05 am",KSN,other
Trading Halt 2 pages 257.8KB,https://www.asx.com.au/asx/v2/statistics/displayAnnouncement.do?display=pdf&idsId=02968450,"11/07/2025
9:01 am",DY6,trading
Exploration Update - Irvine and Tandarra Drilling 29 pages 2.3MB,https://www.asx.com.au/asx/v2/statistics/displayAnnouncement.do?display=pdf&idsId=02968449,"11/07/2025
9:00 am",AKA,update
40MW Energy Infrastructure to Power Rincon Lithium Project 4 pages 409.1KB,https://www.asx.com.au/asx/v2/statistics/displayAnnouncement.do?display=pdf&idsId=02968445,"11/07/2025
8:59 am",AGY,other
Trading Halt 3 pages 311.2KB,https://www.asx.com.au/asx/v2/statistics/displayAnnouncement.do?display=pdf&idsId=02968439,"11/07/2025
8:51 am",X2M,trading
NDSS Agreement Renewal and Supplier Growth Momentum 2 pages 941.6KB,https://www.asx.com.au/asx/v2/statistics/displayAnnouncement.do?display=pdf&idsId=02968438,"11/07/2025
8:50 am",PHX,other
Significant Intercepts and Drill Program Update 20 pages 12.2MB,https://www.asx.com.au/asx/v2/statistics/displayAnnouncement.do?display=pdf&idsId=02968436,"11/07/2025
8:46 am",SBM,update
More High-Grade Results & Strike Extension At Hopes Hill 18 pages 1.8MB,https://www.asx.com.au/asx/v2/statistics/displayAnnouncement.do?display=pdf&idsId=02968435,"11/07/2025
8:46 am",GHM,financials
"Update on Funding for Nueva Sabana Copper-Gold Mine, Cuba 4 pages 303.9KB",https://www.asx.com.au/asx/v2/statistics/displayAnnouncement.do?display=pdf&idsId=02968428,"11/07/2025
8:36 am",AAU,update
Cromwell Unveils Landmark Project and Debt Refinance 2 pages 343.4KB,https://www.asx.com.au/asx/v2/statistics/displayAnnouncement.do?display=pdf&idsId=02968426,"11/07/2025
8:34 am",CMW,other
IGO to Withdraw from Fraser Range Joint Venture 4 pages 501.5KB,https://www.asx.com.au/asx/v2/statistics/displayAnnouncement.do?display=pdf&idsId=02968424,"11/07/2025
8:32 am",CWX,other
Spacetalk Secures $3m and Commitment to Reduce Debt by $1m 7 pages 239.7KB,https://www.asx.com.au/asx/v2/statistics/displayAnnouncement.do?display=pdf&idsId=02968422,"11/07/2025
8:27 am",SPA,other
US$900K radio deal sees CAL FIRE fleet upgrade continue 3 pages 273.7KB,https://www.asx.com.au/asx/v2/statistics/displayAnnouncement.do?display=pdf&idsId=02968420,"11/07/2025
8:27 am",SMN,other
Key Approvals Milestone Achieved at Elizabeth Creek 8 pages 683.4KB,https://www.asx.com.au/asx/v2/statistics/displayAnnouncement.do?display=pdf&idsId=02968416,"11/07/2025
8:27 am",COD,other
FireFly doubles Share Purchase Plan to A$10m 6 pages 232.9KB,https://www.asx.com.au/asx/v2/statistics/displayAnnouncement.do?display=pdf&idsId=02968415,"11/07/2025
8:27 am",FFM,other
JLG enters into Scheme Implementation Deed with PEP 75 pages 956.3KB,https://www.asx.com.au/asx/v2/statistics/displayAnnouncement.do?display=pdf&idsId=02968409,"11/07/2025
8:26 am",JLG,other
FY25 Results and FY26 Guidance 6 pages 304.1KB,https://www.asx.com.au/asx/v2/statistics/displayAnnouncement.do?display=pdf&idsId=02968403,"11/07/2025
8:26 am",OBM,financials
LIS produces Australia's first lithium metal foils 3 pages 255.3KB,https://www.asx.com.au/asx/v2/statistics/displayAnnouncement.do?display=pdf&idsId=02968397,"11/07/2025
8:24 am",LIS,other
Strategic A$2.0 Million Placement to Accelerate ECS-DoT Chip 3 pages 227.9KB,https://www.asx.com.au/asx/v2/statistics/displayAnnouncement.do?display=pdf&idsId=02968394,"11/07/2025
8:23 am",NVU,funding
FirstWave Secures Microsoft Contract Renewal and Uplift 2 pages 165.0KB,https://www.asx.com.au/asx/v2/statistics/displayAnnouncement.do?display=pdf&idsId=02968522,"11/07/2025
9:51 am",FCT,other
First wedge hole at Blue Moon hits 1.2m at 543g_t gold 16 pages 2.2MB,https://www.asx.com.au/asx/v2/statistics/displayAnnouncement.do?display=pdf&idsId=02968519,"11/07/2025
9:49 am",FAL,other
HITIQ Enters UK Consumer Market with PROTEQT Launch 3 pages 158.3KB,https://www.asx.com.au/asx/v2/statistics/displayAnnouncement.do?display=pdf&idsId=02968516,"11/07/2025
9:45 am",HIQ,other
Trading Halt 2 pages 390.2KB,https://www.asx.com.au/asx/v2/statistics/displayAnnouncement.do?display=pdf&idsId=02968509,"11/07/2025
9:38 am",CC9,trading
Plateau & Salla Provide Encouraging Results 16 pages 2.9MB,https://www.asx.com.au/asx/v2/statistics/displayAnnouncement.do?display=pdf&idsId=02968506,"11/07/2025
9:35 am",SHN,financials
Proposed Capital Consolidation 2 pages 205.0KB,https://www.asx.com.au/asx/v2/statistics/displayAnnouncement.do?display=pdf&idsId=02968504,"11/07/2025
9:34 am",ECT,other
Reinstatement to Quotation 1 page 108.5KB,https://www.asx.com.au/asx/v2/statistics/displayAnnouncement.do?display=pdf&idsId=02968503,"11/07/2025
9:34 am",AII,other
Updated JORC Technical Report for the Sangdong Mine 445 pages 19.2MB,https://www.asx.com.au/asx/v2/statistics/displayAnnouncement.do?display=pdf&idsId=02968502,"11/07/2025
9:34 am",AII,update
Share Purchase Plan 2 pages 884.3KB,https://www.asx.com.au/asx/v2/statistics/displayAnnouncement.do?display=pdf&idsId=02968499,"11/07/2025
9:28 am",RBR,other
Quarterly Activities_Appendix 5B Cash Flow Report 15 pages 1.3MB,https://www.asx.com.au/asx/v2/statistics/displayAnnouncement.do?display=pdf&idsId=02968495,"11/07/2025
9:26 am",CST,financials
Further Wide and High-Grade Gold Confirmed from Surface 19 pages 2.2MB,https://www.asx.com.au/asx/v2/statistics/displayAnnouncement.do?display=pdf&idsId=02968494,"11/07/2025
9:26 am",TTM,other
TOV: EMU Orders 6 pages 146.9KB,https://www.asx.com.au/asx/v2/statistics/displayAnnouncement.do?display=pdf&idsId=02968535,"11/07/2025
10:00 am",EMU,other
FY25 PRODUCTION UPDATE 4 pages 541.2KB,https://www.asx.com.au/asx/v2/statistics/displayAnnouncement.do?display=pdf&idsId=02968534,"11/07/2025
10:00 am",AIS,update
Pause in trading 1 page 116.4KB,https://www.asx.com.au/asx/v2/statistics/displayAnnouncement.do?display=pdf&idsId=02968531,"11/07/2025
9:58 am",PHX,other
MITHRIL ARRANGES UP TO C$11.5M PLACEMENT 6 pages 223.2KB,https://www.asx.com.au/asx/v2/statistics/displayAnnouncement.do?display=pdf&idsId=02968530,"11/07/2025
9:58 am",MTH,funding
Completion of Entitlement Offer 2 pages 169.6KB,https://www.asx.com.au/asx/v2/statistics/displayAnnouncement.do?display=pdf&idsId=02968529,"11/07/2025
9:57 am",TD1,other
Major Distribution Agreement secured for TR Pro 3 pages 175.5KB,https://www.asx.com.au/asx/v2/statistics/displayAnnouncement.do?display=pdf&idsId=02968528,"11/07/2025
9:57 am",TRP,dividend
"Successful Placement Raising $396,000 2 pages 217.3KB",https://www.asx.com.au/asx/v2/statistics/displayAnnouncement.do?display=pdf&idsId=02968524,"11/07/2025
9:55 am",DBO,funding
RLG Business Update 2 pages 179.3KB,https://www.asx.com.au/asx/v2/statistics/displayAnnouncement.do?display=pdf&idsId=02968523,"11/07/2025
9:54 am",RLG,update
Response to ASX Aware Query 10 pages 674.6KB,https://www.asx.com.au/asx/v2/statistics/displayAnnouncement.do?display=pdf&idsId=02968547,"11/07/2025
10:20 am",BMG,other
Abercromby Gold Project - Growth Exploration Drilling 18 pages 1.4MB,https://www.asx.com.au/asx/v2/statistics/displayAnnouncement.do?display=pdf&idsId=02968546,"11/07/2025
10:20 am",BMG,other
Update - Dividend_Distribution - PCI 5 pages 18.3KB,https://www.asx.com.au/asx/v2/statistics/displayAnnouncement.do?display=pdf&idsId=02968549,"11/07/2025
10:21 am",PCI,dividend
Business update 2 pages 320.1KB,https://www.asx.com.au/asx/v2/statistics/displayAnnouncement.do?display=pdf&idsId=02968633,"11/07/2025
1:59 pm",JAT,update
Chairman's Address - Scheme Meeting & EGM - 11 July 2025 6 pages 326.1KB,https://www.asx.com.au/asx/v2/statistics/displayAnnouncement.do?display=pdf&idsId=02968629,"11/07/2025
1:41 pm",AVJ,other
TOV: KBC Panel Declines to Conduct Proceedings 1 page 77.3KB,https://www.asx.com.au/asx/v2/statistics/displayAnnouncement.do?display=pdf&idsId=02968617,"11/07/2025
12:46 pm",YOW,other
TOV: KBC Panel Declines to Conduct Proceedings 1 page 77.3KB,https://www.asx.com.au/asx/v2/statistics/displayAnnouncement.do?display=pdf&idsId=02968617,"11/07/2025
12:46 pm",KBC,other
Heap Leach Option delivers major cost reductions for Dubbo 69 pages 4.0MB,https://www.asx.com.au/asx/v2/statistics/displayAnnouncement.do?display=pdf&idsId=02968595,"11/07/2025
11:55 am",ASM,other
InteliCare Trial Commencement at mecwacare 3 pages 267.8KB,https://www.asx.com.au/asx/v2/statistics/displayAnnouncement.do?display=pdf&idsId=02968594,"11/07/2025
11:50 am",ICR,other
Distribution Notice 2 pages 210.2KB,https://www.asx.com.au/asx/v2/statistics/displayAnnouncement.do?display=pdf&idsId=02968589,"11/07/2025
11:44 am",JHG,dividend
Distribution Notice 2 pages 210.2KB,https://www.asx.com.au/asx/v2/statistics/displayAnnouncement.do?display=pdf&idsId=02968589,"11/07/2025
11:44 am",JEG,dividend
Trading Halt 2 pages 301.0KB,https://www.asx.com.au/asx/v2/statistics/displayAnnouncement.do?display=pdf&idsId=02968573,"11/07/2025
11:01 am",PHX,trading
Pause in Trading 1 page 115.8KB,https://www.asx.com.au/asx/v2/statistics/displayAnnouncement.do?display=pdf&idsId=02968642,"11/07/2025
2:23 pm",LDX,other
Results of Scheme Meeting 3 pages 182.0KB,https://www.asx.com.au/asx/v2/statistics/displayAnnouncement.do?display=pdf&idsId=02968652,"11/07/2025
2:34 pm",SPR,financials
Business restructuring and capital raising update 3 pages 67.2KB,https://www.asx.com.au/asx/v2/statistics/displayAnnouncement.do?display=pdf&idsId=02968647,"11/07/2025
2:27 pm",TSI,funding
Scheme Booklet and first capital initiative if Scheme fails 276 pages 5.1MB,https://www.asx.com.au/asx/v2/statistics/displayAnnouncement.do?display=pdf&idsId=02968774,"11/07/2025
5:30 pm",PMC,other
Scheme Booklet 261 pages 5.9MB,https://www.asx.com.au/asx/v2/statistics/displayAnnouncement.do?display=pdf&idsId=02968773,"11/07/2025
5:30 pm",PAI,other
Reinstatement to Quotation 1 page 107.9KB,https://www.asx.com.au/asx/v2/statistics/displayAnnouncement.do?display=pdf&idsId=02968747,"11/07/2025
4:59 pm",PHX,other
Suspension from Quotation 1 page 108.2KB,https://www.asx.com.au/asx/v2/statistics/displayAnnouncement.do?display=pdf&idsId=02968694,"11/07/2025
4:13 pm",PHX,trading
Profit Guidance 1 page 130.7KB,https://www.asx.com.au/asx/v2/statistics/displayAnnouncement.do?display=pdf&idsId=02968685,"11/07/2025
3:49 pm",IPC,financials
Profit Guidance 1 page 220.0KB,https://www.asx.com.au/asx/v2/statistics/displayAnnouncement.do?display=pdf&idsId=02968681,"11/07/2025
3:47 pm",LCE,financials
Trading Halt 2 pages 278.8KB,https://www.asx.com.au/asx/v2/statistics/displayAnnouncement.do?display=pdf&idsId=02968669,"11/07/2025
3:15 pm",LDX,trading
Quarterly Activities & Cash Flow Report - June 2025 8 pages 1.3MB,https://www.asx.com.au/asx/v2/statistics/displayAnnouncement.do?display=pdf&idsId=02968800,"11/07/2025
7:22 pm",QUE,financials
Monthly Cash Flow Report - June 2025 5 pages 843.0KB,https://www.asx.com.au/asx/v2/statistics/displayAnnouncement.do?display=pdf&idsId=02968799,"11/07/2025
7:22 pm",QUE,other
Tranche 1 Payment Received on up to $3.2m Mt Morgan Sale 10 pages 882.7KB,https://www.asx.com.au/asx/v2/statistics/displayAnnouncement.do?display=pdf&idsId=02968933,"14/07/2025
9:23 am",GBZ,other
ODA Awarded SaaS Contracts with Transport Providers 2 pages 303.4KB,https://www.asx.com.au/asx/v2/statistics/displayAnnouncement.do?display=pdf&idsId=02968931,"14/07/2025
9:21 am",ODA,other
Response to ASX Price Query 4 pages 325.7KB,https://www.asx.com.au/asx/v2/statistics/displayAnnouncement.do?display=pdf&idsId=02968928,"14/07/2025
9:21 am",ATH,other
IONIC TECH SECURES GBP 11M FOR UK SUPPLY CHAIN INITIATIVE 12 pages 1.1MB,https://www.asx.com.au/asx/v2/statistics/displayAnnouncement.do?display=pdf&idsId=02968927,"14/07/2025
9:20 am",IXR,other
Quarterly Activities_Appendix 5B Cash Flow Report 11 pages 2.4MB,https://www.asx.com.au/asx/v2/statistics/displayAnnouncement.do?display=pdf&idsId=02968926,"14/07/2025
9:20 am",GR8,financials
Devon Pit Gold Mine Update 9 pages 4.3MB,https://www.asx.com.au/asx/v2/statistics/displayAnnouncement.do?display=pdf&idsId=02968920,"14/07/2025
9:16 am",MAT,update
Third Supplementary Bidder's Statement 2 pages 77.8KB,https://www.asx.com.au/asx/v2/statistics/displayAnnouncement.do?display=pdf&idsId=02968918,"14/07/2025
9:14 am",NWC,other
Final Nyrada Phase I Clinical Trial Cohort to Commence 4 pages 305.9KB,https://www.asx.com.au/asx/v2/statistics/displayAnnouncement.do?display=pdf&idsId=02968916,"14/07/2025
9:14 am",NYR,other
Trading Update for FY25 Year End 3 pages 214.5KB,https://www.asx.com.au/asx/v2/statistics/displayAnnouncement.do?display=pdf&idsId=02968915,"14/07/2025
9:14 am",CCX,update
Trading Halt 2 pages 846.0KB,https://www.asx.com.au/asx/v2/statistics/displayAnnouncement.do?display=pdf&idsId=02968909,"14/07/2025
9:05 am",DAL,trading
La Negra Delivers Growth with Exceptional Drill Results 22 pages 1.4MB,https://www.asx.com.au/asx/v2/statistics/displayAnnouncement.do?display=pdf&idsId=02968908,"14/07/2025
9:04 am",USL,financials
Quarterly Activities_Appendix 5B Cash Flow Report 11 pages 778.7KB,https://www.asx.com.au/asx/v2/statistics/displayAnnouncement.do?display=pdf&idsId=02968907,"14/07/2025
9:04 am",SMS,financials
Large Copper-Gold Porphyry Exploration Commences at Rogozna 7 pages 1.6MB,https://www.asx.com.au/asx/v2/statistics/displayAnnouncement.do?display=pdf&idsId=02968905,"14/07/2025
9:03 am",STK,other
Jun25 Appendix 5B 5 pages 246.7KB,https://www.asx.com.au/asx/v2/statistics/displayAnnouncement.do?display=pdf&idsId=02968903,"14/07/2025
9:02 am",JPR,other
Jun25 Quarterly Activities Report 6 pages 199.6KB,https://www.asx.com.au/asx/v2/statistics/displayAnnouncement.do?display=pdf&idsId=02968902,"14/07/2025
9:02 am",JPR,financials
Trading Update and Q4 FY2025 Conference Call 3 pages 462.3KB,https://www.asx.com.au/asx/v2/statistics/displayAnnouncement.do?display=pdf&idsId=02968901,"14/07/2025
9:02 am",BBT,update
Completion of Tranche 1 Acquisition of Capricorn Project 5 pages 4.7MB,https://www.asx.com.au/asx/v2/statistics/displayAnnouncement.do?display=pdf&idsId=02968899,"14/07/2025
9:00 am",LEL,acquisition
Chatree delivers another 20k ounce quarter & FY25 production 1 page 170.7KB,https://www.asx.com.au/asx/v2/statistics/displayAnnouncement.do?display=pdf&idsId=02968898,"14/07/2025
9:00 am",KCN,other
Metallurgical Development Unlocks Tin System at Doradilla 17 pages 1.5MB,https://www.asx.com.au/asx/v2/statistics/displayAnnouncement.do?display=pdf&idsId=02968897,"14/07/2025
8:59 am",SKY,other
150 Charlotte Street Update 1 page 91.2KB,https://www.asx.com.au/asx/v2/statistics/displayAnnouncement.do?display=pdf&idsId=02968896,"14/07/2025
8:59 am",AOF,update
Placement and CEO Appointment 4 pages 301.8KB,https://www.asx.com.au/asx/v2/statistics/displayAnnouncement.do?display=pdf&idsId=02968892,"14/07/2025
8:57 am",DY6,management
Trading Halt 2 pages 193.8KB,https://www.asx.com.au/asx/v2/statistics/displayAnnouncement.do?display=pdf&idsId=02968890,"14/07/2025
8:56 am",IMU,trading
Trading Halt 2 pages 355.0KB,https://www.asx.com.au/asx/v2/statistics/displayAnnouncement.do?display=pdf&idsId=02968888,"14/07/2025
8:52 am",SCP,trading
Quarterly Activities and Cash Flow Report - Jun 2025 14 pages 1.8MB,https://www.asx.com.au/asx/v2/statistics/displayAnnouncement.do?display=pdf&idsId=02968884,"14/07/2025
8:49 am",BRU,financials
Lithium Carbonate Mineral Resource Increased by 319% 52 pages 4.8MB,https://www.asx.com.au/asx/v2/statistics/displayAnnouncement.do?display=pdf&idsId=02968881,"14/07/2025
8:44 am",PL3,other
FY25 Guidance Update 2 pages 89.4KB,https://www.asx.com.au/asx/v2/statistics/displayAnnouncement.do?display=pdf&idsId=02968880,"14/07/2025
8:44 am",HSN,update
IKE completes A$18 million placement 4 pages 114.1KB,https://www.asx.com.au/asx/v2/statistics/displayAnnouncement.do?display=pdf&idsId=02968876,"14/07/2025
8:40 am",IKE,funding
Revised Non-binding Indicative Proposal 2 pages 106.9KB,https://www.asx.com.au/asx/v2/statistics/displayAnnouncement.do?display=pdf&idsId=02968875,"14/07/2025
8:40 am",ASK,other
Resource Upgrade and Expansion Drill Campaign to Commence 9 pages 1.5MB,https://www.asx.com.au/asx/v2/statistics/displayAnnouncement.do?display=pdf&idsId=02968874,"14/07/2025
8:39 am",VRL,other
Q4 FY25 Sales Update 6 pages 441.1KB,https://www.asx.com.au/asx/v2/statistics/displayAnnouncement.do?display=pdf&idsId=02968873,"14/07/2025
8:38 am",MCO,update
Two Additional Complete Responses in azer-cel Ph1b trial 6 pages 332.4KB,https://www.asx.com.au/asx/v2/statistics/displayAnnouncement.do?display=pdf&idsId=02968870,"14/07/2025
8:34 am",IMU,other
Mozal Aluminium Update 2 pages 105.4KB,https://www.asx.com.au/asx/v2/statistics/displayAnnouncement.do?display=pdf&idsId=02968867,"14/07/2025
8:33 am",S32,update
Completion of Equity Raise 2 pages 150.4KB,https://www.asx.com.au/asx/v2/statistics/displayAnnouncement.do?display=pdf&idsId=02968866,"14/07/2025
8:32 am",POL,funding
Quarterly Activities_Appendix 5B Cash Flow Report 12 pages 467.8KB,https://www.asx.com.au/asx/v2/statistics/displayAnnouncement.do?display=pdf&idsId=02968862,"14/07/2025
8:29 am",VBX,financials
Quarterly Activities Report & Appendix 4C 9 pages 335.4KB,https://www.asx.com.au/asx/v2/statistics/displayAnnouncement.do?display=pdf&idsId=02968859,"14/07/2025
8:27 am",AXE,financials
SPR: Results of Scheme Meeting 3 pages 182.0KB,https://www.asx.com.au/asx/v2/statistics/displayAnnouncement.do?display=pdf&idsId=02968858,"14/07/2025
8:27 am",RMS,financials
Takeover Implementation Agreement 64 pages 1.3MB,https://www.asx.com.au/asx/v2/statistics/displayAnnouncement.do?display=pdf&idsId=02968855,"14/07/2025
8:25 am",RCT,acquisition
Osteopore gains access to Switzerland 3 pages 416.5KB,https://www.asx.com.au/asx/v2/statistics/displayAnnouncement.do?display=pdf&idsId=02968852,"14/07/2025
8:25 am",OSX,other
Qualified Bidder Status for the Acquisition of Penouta Spain 2 pages 247.8KB,https://www.asx.com.au/asx/v2/statistics/displayAnnouncement.do?display=pdf&idsId=02968850,"14/07/2025
8:24 am",ETM,acquisition
Infini Advances Portland Creek Uranium Exploration Model 5 pages 971.1KB,https://www.asx.com.au/asx/v2/statistics/displayAnnouncement.do?display=pdf&idsId=02968849,"14/07/2025
8:24 am",I88,other
Bayan Expands with New Claims Near Colosseum Mine 7 pages 1.5MB,https://www.asx.com.au/asx/v2/statistics/displayAnnouncement.do?display=pdf&idsId=02968847,"14/07/2025
8:24 am",BMM,other
2025 Exploration Update Tennant Creek 24 pages 3.8MB,https://www.asx.com.au/asx/v2/statistics/displayAnnouncement.do?display=pdf&idsId=02968841,"14/07/2025
8:23 am",KRR,update
Proposed Land Acquisition 2 pages 110.2KB,https://www.asx.com.au/asx/v2/statistics/displayAnnouncement.do?display=pdf&idsId=02968840,"14/07/2025
8:23 am",MAQ,acquisition
Bulk Green River Brine Shipment to POSCO in Korea 9 pages 551.5KB,https://www.asx.com.au/asx/v2/statistics/displayAnnouncement.do?display=pdf&idsId=02968839,"14/07/2025
8:22 am",ASN,other
Kayelekera Mill Restart and Hot Commissioning Underway 5 pages 1.1MB,https://www.asx.com.au/asx/v2/statistics/displayAnnouncement.do?display=pdf&idsId=02968837,"14/07/2025
8:22 am",LOT,other
Gold RC Drill Program Commences at Miriam 6 pages 1.1MB,https://www.asx.com.au/asx/v2/statistics/displayAnnouncement.do?display=pdf&idsId=02968833,"14/07/2025
8:21 am",FBM,other
R&D and Manufacturing Capacity Expansion 2 pages 2.2MB,https://www.asx.com.au/asx/v2/statistics/displayAnnouncement.do?display=pdf&idsId=02968832,"14/07/2025
8:21 am",DRO,other
Managing Director Appointment Positions Indiana for Growth 3 pages 543.0KB,https://www.asx.com.au/asx/v2/statistics/displayAnnouncement.do?display=pdf&idsId=02968830,"14/07/2025
8:21 am",IDA,management
Stellar Signs MOU Extension on Adjacent Mine Infrastructure 4 pages 380.3KB,https://www.asx.com.au/asx/v2/statistics/displayAnnouncement.do?display=pdf&idsId=02968829,"14/07/2025
8:20 am",SRZ,other
Mt Mulgine to Advance with Gold Tungsten Strategy 6 pages 612.1KB,https://www.asx.com.au/asx/v2/statistics/displayAnnouncement.do?display=pdf&idsId=02968828,"14/07/2025
8:20 am",TGN,other
High-Grade Gold Mineralisation Intersected at Fairview South 33 pages 3.8MB,https://www.asx.com.au/asx/v2/statistics/displayAnnouncement.do?display=pdf&idsId=02968827,"14/07/2025
8:19 am",SVY,other
OxiDx test detects muscle damage in thoroughbred racehorses 3 pages 440.6KB,https://www.asx.com.au/asx/v2/statistics/displayAnnouncement.do?display=pdf&idsId=02968825,"14/07/2025
8:19 am",PIQ,other
Athena to collaborate on Mid West Green Iron Project 7 pages 843.3KB,https://www.asx.com.au/asx/v2/statistics/displayAnnouncement.do?display=pdf&idsId=02968823,"14/07/2025
8:19 am",AHN,other
AHN: Athena to collaborate on Mid West Green Iron Project 7 pages 843.3KB,https://www.asx.com.au/asx/v2/statistics/displayAnnouncement.do?display=pdf&idsId=02968823,"14/07/2025
8:19 am",FEX,other
High Priority Gold Targets to be drilled at Leonora South 5 pages 994.1KB,https://www.asx.com.au/asx/v2/statistics/displayAnnouncement.do?display=pdf&idsId=02968822,"14/07/2025
8:18 am",ASR,other
Hirsikangas Increases Gold Resources by 34% to over 1Moz 29 pages 2.2MB,https://www.asx.com.au/asx/v2/statistics/displayAnnouncement.do?display=pdf&idsId=02968821,"14/07/2025
8:18 am",NNL,other
Tyranna to acquire 70% of the Maongo Cu-Au Project in Angola 9 pages 4.1MB,https://www.asx.com.au/asx/v2/statistics/displayAnnouncement.do?display=pdf&idsId=02968818,"14/07/2025
8:17 am",TYX,acquisition
Exploration drilling results continue to expand targets 11 pages 1.9MB,https://www.asx.com.au/asx/v2/statistics/displayAnnouncement.do?display=pdf&idsId=02968817,"14/07/2025
8:17 am",RHI,financials
Q1 26 Cxbladder Demand Resilient Despite Coverage Loss 10 pages 1.2MB,https://www.asx.com.au/asx/v2/statistics/displayAnnouncement.do?display=pdf&idsId=02968811,"14/07/2025
7:30 am",PEB,other
Askari Metals Investor Webinar Presentation 31 pages 4.6MB,https://www.asx.com.au/asx/v2/statistics/displayAnnouncement.do?display=pdf&idsId=02968971,"14/07/2025
9:48 am",AS2,financials
Reinstatement to Quotation 1 page 116.6KB,https://www.asx.com.au/asx/v2/statistics/displayAnnouncement.do?display=pdf&idsId=02968970,"14/07/2025
9:48 am",BCB,other
Response to ASX Aware Letter 10 pages 556.8KB,https://www.asx.com.au/asx/v2/statistics/displayAnnouncement.do?display=pdf&idsId=02968969,"14/07/2025
9:48 am",BCB,other
West Wits Board Changes 2 pages 255.6KB,https://www.asx.com.au/asx/v2/statistics/displayAnnouncement.do?display=pdf&idsId=02968968,"14/07/2025
9:47 am",WWI,other
Market Update 5 pages 559.7KB,https://www.asx.com.au/asx/v2/statistics/displayAnnouncement.do?display=pdf&idsId=02968967,"14/07/2025
9:47 am",BCB,update
Update On Underlying Investments 2 pages 157.5KB,https://www.asx.com.au/asx/v2/statistics/displayAnnouncement.do?display=pdf&idsId=02968966,"14/07/2025
9:47 am",APW,update
SS-2H ST1 delivers Beetaloo Basin record IP60 flow rate 8 pages 525.8KB,https://www.asx.com.au/asx/v2/statistics/displayAnnouncement.do?display=pdf&idsId=02968964,"14/07/2025
9:42 am",TBN,other
Completion of Broken Hill Mines Acquisition 1 page 103.9KB,https://www.asx.com.au/asx/v2/statistics/displayAnnouncement.do?display=pdf&idsId=02968961,"14/07/2025
9:41 am",CBH,acquisition
"EXPLORATION TARGET DEFINED FOR ANTIMONY CANYON PROJECT, UTAH 30 pages 2.4MB",https://www.asx.com.au/asx/v2/statistics/displayAnnouncement.do?display=pdf&idsId=02968960,"14/07/2025
9:40 am",TMG,other
Response to ASX Query 8 pages 522.0KB,https://www.asx.com.au/asx/v2/statistics/displayAnnouncement.do?display=pdf&idsId=02968957,"14/07/2025
9:40 am",TMG,other
Phase 1 of Solar Panel Recycling to Focus on Silver Recovery 6 pages 566.1KB,https://www.asx.com.au/asx/v2/statistics/displayAnnouncement.do?display=pdf&idsId=02968955,"14/07/2025
9:38 am",LU7,other
Resignation of Acting CEO 1 page 293.8KB,https://www.asx.com.au/asx/v2/statistics/displayAnnouncement.do?display=pdf&idsId=02968953,"14/07/2025
9:37 am",OEL,management
Viridis Appoints Rafael Moreno as Managing Director 3 pages 378.4KB,https://www.asx.com.au/asx/v2/statistics/displayAnnouncement.do?display=pdf&idsId=02968950,"14/07/2025
9:35 am",VMM,management
ClearVue Board Update and Expenditure Review 2 pages 626.6KB,https://www.asx.com.au/asx/v2/statistics/displayAnnouncement.do?display=pdf&idsId=02968949,"14/07/2025
9:35 am",CPV,update
Instrument Sale to Novo Nordisk for Group Evaluation 2 pages 172.3KB,https://www.asx.com.au/asx/v2/statistics/displayAnnouncement.do?display=pdf&idsId=02968948,"14/07/2025
9:35 am",CC5,other
FY25 Business Update - Record sales orders taken 4 pages 371.5KB,https://www.asx.com.au/asx/v2/statistics/displayAnnouncement.do?display=pdf&idsId=02968945,"14/07/2025
9:32 am",CMP,update
Completion of Entitlement Offer 2 pages 380.2KB,https://www.asx.com.au/asx/v2/statistics/displayAnnouncement.do?display=pdf&idsId=02968941,"14/07/2025
9:27 am",TMB,other
June Quarter Production Update 5 pages 1.1MB,https://www.asx.com.au/asx/v2/statistics/displayAnnouncement.do?display=pdf&idsId=02968939,"14/07/2025
9:27 am",BCN,update
Responses to ASX Aware Letters 11 pages 845.5KB,https://www.asx.com.au/asx/v2/statistics/displayAnnouncement.do?display=pdf&idsId=02968997,"14/07/2025
10:40 am",GEM,other
Trading Halt 2 pages 198.1KB,https://www.asx.com.au/asx/v2/statistics/displayAnnouncement.do?display=pdf&idsId=02968987,"14/07/2025
10:01 am",SND,trading
Uvre completes NZ gold projects acquisition 2 pages 219.0KB,https://www.asx.com.au/asx/v2/statistics/displayAnnouncement.do?display=pdf&idsId=02968986,"14/07/2025
9:58 am",UVA,acquisition
Scalare Partners to Acquire Tank Stream Labs 4 pages 226.9KB,https://www.asx.com.au/asx/v2/statistics/displayAnnouncement.do?display=pdf&idsId=02968980,"14/07/2025
9:56 am",SCP,acquisition
Gold Enhances High-Grade Antinomy and Silver Intercepts 20 pages 1.8MB,https://www.asx.com.au/asx/v2/statistics/displayAnnouncement.do?display=pdf&idsId=02968978,"14/07/2025
9:56 am",LDR,other
Pause in Trading 1 page 116.0KB,https://www.asx.com.au/asx/v2/statistics/displayAnnouncement.do?display=pdf&idsId=02968977,"14/07/2025
9:55 am",SND,other
Appendix 4D Supporting Interim Report Filed 12 June 2025 3 pages 213.4KB,https://www.asx.com.au/asx/v2/statistics/displayAnnouncement.do?display=pdf&idsId=02969206,"14/07/2025
7:03 pm",NET,other
Suspension from Quotation 1 page 111.8KB,https://www.asx.com.au/asx/v2/statistics/displayAnnouncement.do?display=pdf&idsId=02969205,"14/07/2025
7:00 pm",PGH,trading
Fixed Interest Investor Calls 2 pages 143.8KB,https://www.asx.com.au/asx/v2/statistics/displayAnnouncement.do?display=pdf&idsId=02969202,"14/07/2025
6:57 pm",LRV,other
Nasdaq Update 3 pages 236.8KB,https://www.asx.com.au/asx/v2/statistics/displayAnnouncement.do?display=pdf&idsId=02969121,"14/07/2025
4:33 pm",AHI,update
Quarterly Activities_Appendix 5B Cash Flow Report 18 pages 2.2MB,https://www.asx.com.au/asx/v2/statistics/displayAnnouncement.do?display=pdf&idsId=02969112,"14/07/2025
4:29 pm",RRR,financials
NNG issue of Convertible Notes 2 pages 167.3KB,https://www.asx.com.au/asx/v2/statistics/displayAnnouncement.do?display=pdf&idsId=02969109,"14/07/2025
4:25 pm",NNG,other
Publication of Scheme Document and Expected Timetable 14 pages 327.4KB,https://www.asx.com.au/asx/v2/statistics/displayAnnouncement.do?display=pdf&idsId=02969106,"14/07/2025
4:22 pm",ADT,other
INOVIQ Investor Webinar Presentation Slides 33 pages 2.5MB,https://www.asx.com.au/asx/v2/statistics/displayAnnouncement.do?display=pdf&idsId=02969071,"14/07/2025
3:18 pm",IIQ,financials
Response to ASX Director's Interest Notice Query 5 pages 361.9KB,https://www.asx.com.au/asx/v2/statistics/displayAnnouncement.do?display=pdf&idsId=02969035,"14/07/2025
12:44 pm",PUR,management
Company Update - Name Change to 'American Uranium Limited' 1 page 190.5KB,https://www.asx.com.au/asx/v2/statistics/displayAnnouncement.do?display=pdf&idsId=02969031,"14/07/2025
12:32 pm",GTR,update
Consolidation_Split - GTR 5 pages 18.9KB,https://www.asx.com.au/asx/v2/statistics/displayAnnouncement.do?display=pdf&idsId=02969024,"14/07/2025
12:10 pm",GTR,other
Operations Update - June 2025 4 pages 733.2KB,https://www.asx.com.au/asx/v2/statistics/displayAnnouncement.do?display=pdf&idsId=02969013,"14/07/2025
11:32 am",BAS,update
ATM Facility - Capital Raise 2 pages 391.9KB,https://www.asx.com.au/asx/v2/statistics/displayAnnouncement.do?display=pdf&idsId=02969001,"14/07/2025
11:01 am",LOC,other
Distribution Update - June 2025 1 page 267.4KB,https://www.asx.com.au/asx/v2/statistics/displayAnnouncement.do?display=pdf&idsId=02969399,"15/07/2025
10:15 am",ADE,dividend
Notification of buy-back - WAT 5 pages 15.1KB,https://www.asx.com.au/asx/v2/statistics/displayAnnouncement.do?display=pdf&idsId=02969395,"15/07/2025
10:11 am",WAT,other
Regular dividends resumed at 2c fully franked final dividend 4 pages 272.8KB,https://www.asx.com.au/asx/v2/statistics/displayAnnouncement.do?display=pdf&idsId=02969392,"15/07/2025
10:07 am",FRI,dividend
TOV: KBC Panel Receives Review Application 1 page 90.2KB,https://www.asx.com.au/asx/v2/statistics/displayAnnouncement.do?display=pdf&idsId=02969390,"15/07/2025
10:06 am",KBC,other
TOV: KBC Panel Receives Review Application 1 page 90.2KB,https://www.asx.com.au/asx/v2/statistics/displayAnnouncement.do?display=pdf&idsId=02969390,"15/07/2025
10:06 am",YOW,other
Chariot Raises $1.6 Million Through a Placement of Shares 5 pages 617.9KB,https://www.asx.com.au/asx/v2/statistics/displayAnnouncement.do?display=pdf&idsId=02969386,"15/07/2025
10:01 am",CC9,funding
Distribution Update - June 2025 1 page 183.3KB,https://www.asx.com.au/asx/v2/statistics/displayAnnouncement.do?display=pdf&idsId=02969382,"15/07/2025
9:59 am",SVN,dividend
Update on Barton Development Project 1 page 145.2KB,https://www.asx.com.au/asx/v2/statistics/displayAnnouncement.do?display=pdf&idsId=02969380,"15/07/2025
9:58 am",CMW,update
Notice of compulsory acquisition 8 pages 3.0MB,https://www.asx.com.au/asx/v2/statistics/displayAnnouncement.do?display=pdf&idsId=02969379,"15/07/2025
9:57 am",HTA,acquisition
Merger Scheme Booklet 242 pages 2.3MB,https://www.asx.com.au/asx/v2/statistics/displayAnnouncement.do?display=pdf&idsId=02969375,"15/07/2025
9:52 am",ADT,acquisition
TOV: NWC Panel Declines to Make Declaration 2 pages 82.2KB,https://www.asx.com.au/asx/v2/statistics/displayAnnouncement.do?display=pdf&idsId=02969374,"15/07/2025
9:52 am",NWC,other
Monthly Funds Under Management- 30 June 2025 1 page 98.3KB,https://www.asx.com.au/asx/v2/statistics/displayAnnouncement.do?display=pdf&idsId=02969370,"15/07/2025
9:51 am",PCG,other
BUMA Payment Demand 3 pages 361.3KB,https://www.asx.com.au/asx/v2/statistics/displayAnnouncement.do?display=pdf&idsId=02969365,"15/07/2025
9:49 am",BCB,other
Garnet and Graphite Update and Thermal Management Initiative 3 pages 201.6KB,https://www.asx.com.au/asx/v2/statistics/displayAnnouncement.do?display=pdf&idsId=02969356,"15/07/2025
9:41 am",PR1,update
"Midas confirms gold targets at Challa Project, WA 21 pages 3.4MB",https://www.asx.com.au/asx/v2/statistics/displayAnnouncement.do?display=pdf&idsId=02969354,"15/07/2025
9:38 am",MM1,other
HTM: HTM Receives Mining Approval for Mt Fisher Stockpiles 3 pages 541.8KB,https://www.asx.com.au/asx/v2/statistics/displayAnnouncement.do?display=pdf&idsId=02969348,"15/07/2025
9:31 am",SSH,other
HTM Receives Mining Approval for Mt Fisher Stockpiles 3 pages 541.8KB,https://www.asx.com.au/asx/v2/statistics/displayAnnouncement.do?display=pdf&idsId=02969348,"15/07/2025
9:31 am",HTM,other
Maiden 39.27Mt Bauxite 2012 JORC Mineral Resource Estimation 35 pages 3.6MB,https://www.asx.com.au/asx/v2/statistics/displayAnnouncement.do?display=pdf&idsId=02969346,"15/07/2025
9:30 am",WYX,other
Coastal Bioremediation Talks with Indonesian Authorities 5 pages 7.7MB,https://www.asx.com.au/asx/v2/statistics/displayAnnouncement.do?display=pdf&idsId=02969345,"15/07/2025
9:30 am",BP8,other
Imagion MagSense Breast Cancer Program Phase 2 Trial Update 3 pages 231.3KB,https://www.asx.com.au/asx/v2/statistics/displayAnnouncement.do?display=pdf&idsId=02969341,"15/07/2025
9:26 am",IBX,update
Nova Announces Pricing of US$11.1m NASDAQ Offering 3 pages 134.6KB,https://www.asx.com.au/asx/v2/statistics/displayAnnouncement.do?display=pdf&idsId=02969340,"15/07/2025
9:26 am",NVA,other
Final assay results received from Orient resource drilling 32 pages 4.2MB,https://www.asx.com.au/asx/v2/statistics/displayAnnouncement.do?display=pdf&idsId=02969339,"15/07/2025
9:23 am",ILT,financials
Prescient Therapeutics Extends Share Purchase Plan 5 pages 129.6KB,https://www.asx.com.au/asx/v2/statistics/displayAnnouncement.do?display=pdf&idsId=02969334,"15/07/2025
9:18 am",PTX,other
Commencement of Deeper Drilling at Kempfield Deposit 8 pages 1.6MB,https://www.asx.com.au/asx/v2/statistics/displayAnnouncement.do?display=pdf&idsId=02969333,"15/07/2025
9:18 am",ARD,other
Resource Upgrade and Expansion Drilling to Commence -Amended 10 pages 1.5MB,https://www.asx.com.au/asx/v2/statistics/displayAnnouncement.do?display=pdf&idsId=02969327,"15/07/2025
9:13 am",VRL,other
Contract for NZ Assessment & Aromatawai Tool 2 pages 212.8KB,https://www.asx.com.au/asx/v2/statistics/displayAnnouncement.do?display=pdf&idsId=02969326,"15/07/2025
9:12 am",JAN,other
Preliminary Approval for TPT Reimbursement Received 2 pages 269.4KB,https://www.asx.com.au/asx/v2/statistics/displayAnnouncement.do?display=pdf&idsId=02969323,"15/07/2025
9:10 am",EBR,other
Suspension from Quotation 2 pages 268.9KB,https://www.asx.com.au/asx/v2/statistics/displayAnnouncement.do?display=pdf&idsId=02969322,"15/07/2025
9:09 am",LDX,trading
Suspension from Quotation 2 pages 270.0KB,https://www.asx.com.au/asx/v2/statistics/displayAnnouncement.do?display=pdf&idsId=02969318,"15/07/2025
9:07 am",M4M,trading
RBR Group Share Purchase Plan Offer Opens 10 pages 325.1KB,https://www.asx.com.au/asx/v2/statistics/displayAnnouncement.do?display=pdf&idsId=02969315,"15/07/2025
9:03 am",RBR,other
Sales Update FY25 (Unaudited) 2 pages 179.4KB,https://www.asx.com.au/asx/v2/statistics/displayAnnouncement.do?display=pdf&idsId=02969312,"15/07/2025
9:01 am",CSX,update
Investor Presentation 15 pages 9.7MB,https://www.asx.com.au/asx/v2/statistics/displayAnnouncement.do?display=pdf&idsId=02969311,"15/07/2025
9:00 am",AVA,financials
Contract update - Auckland Transport 2 pages 125.5KB,https://www.asx.com.au/asx/v2/statistics/displayAnnouncement.do?display=pdf&idsId=02969310,"15/07/2025
9:00 am",OML,update
Dividend Policy 1 page 159.3KB,https://www.asx.com.au/asx/v2/statistics/displayAnnouncement.do?display=pdf&idsId=02969309,"15/07/2025
8:58 am",AVA,dividend
Nasdaq Listing Concurrent with US$90 Million Public Offering 4 pages 212.7KB,https://www.asx.com.au/asx/v2/statistics/displayAnnouncement.do?display=pdf&idsId=02969307,"15/07/2025
8:57 am",AII,other
Q4 FY2025 Trading Update 4 pages 266.0KB,https://www.asx.com.au/asx/v2/statistics/displayAnnouncement.do?display=pdf&idsId=02969306,"15/07/2025
8:56 am",AVA,update
Quarterly Activities Report and Appendix 4C - Jun-2025 Qtr 9 pages 552.4KB,https://www.asx.com.au/asx/v2/statistics/displayAnnouncement.do?display=pdf&idsId=02969304,"15/07/2025
8:52 am",SNS,financials
Disclosure Document 50 pages 895.3KB,https://www.asx.com.au/asx/v2/statistics/displayAnnouncement.do?display=pdf&idsId=02969299,"15/07/2025
8:49 am",X2M,other
Placement and Entitlement Offer 3 pages 281.1KB,https://www.asx.com.au/asx/v2/statistics/displayAnnouncement.do?display=pdf&idsId=02969298,"15/07/2025
8:49 am",X2M,funding
Quarterly Activities and Cashflow Report 23 pages 2.8MB,https://www.asx.com.au/asx/v2/statistics/displayAnnouncement.do?display=pdf&idsId=02969295,"15/07/2025
8:46 am",NAE,financials
International Market Update and New Distribution Agreements 6 pages 320.5KB,https://www.asx.com.au/asx/v2/statistics/displayAnnouncement.do?display=pdf&idsId=02969291,"15/07/2025
8:42 am",BIO,dividend
Bowdens Silver Project Update 2 pages 225.3KB,https://www.asx.com.au/asx/v2/statistics/displayAnnouncement.do?display=pdf&idsId=02969289,"15/07/2025
8:38 am",SVL,update
Redivium Initiates Business Review & Advisor Appointment 1 page 126.2KB,https://www.asx.com.au/asx/v2/statistics/displayAnnouncement.do?display=pdf&idsId=02969286,"15/07/2025
8:35 am",RIL,management
HZR & EPP sign MOU to develop clean hydrogen facility in UK 3 pages 437.2KB,https://www.asx.com.au/asx/v2/statistics/displayAnnouncement.do?display=pdf&idsId=02969281,"15/07/2025
8:30 am",HZR,other
Exploration for Rare Earths to commence at Myoff Creek 4 pages 404.3KB,https://www.asx.com.au/asx/v2/statistics/displayAnnouncement.do?display=pdf&idsId=02969271,"15/07/2025
8:23 am",AKN,other
HUB24 Q4 FY25 Market Update 5 pages 179.4KB,https://www.asx.com.au/asx/v2/statistics/displayAnnouncement.do?display=pdf&idsId=02969270,"15/07/2025
8:23 am",HUB,update
Revised Timetable and Clarification Notice 3 pages 281.3KB,https://www.asx.com.au/asx/v2/statistics/displayAnnouncement.do?display=pdf&idsId=02969266,"15/07/2025
8:22 am",MIO,other
Initial RC drilling expands high-grade gold mineralisation 15 pages 1.5MB,https://www.asx.com.au/asx/v2/statistics/displayAnnouncement.do?display=pdf&idsId=02969261,"15/07/2025
8:21 am",TKM,other
FY25 Results date and Preliminary Results update 3 pages 507.6KB,https://www.asx.com.au/asx/v2/statistics/displayAnnouncement.do?display=pdf&idsId=02969260,"15/07/2025
8:21 am",ATA,financials
Laverton Downs Gold Drilling Results 21 pages 3.4MB,https://www.asx.com.au/asx/v2/statistics/displayAnnouncement.do?display=pdf&idsId=02969258,"15/07/2025
8:21 am",APC,financials
Vection Secures Further $0.5m Defence Order 2 pages 313.1KB,https://www.asx.com.au/asx/v2/statistics/displayAnnouncement.do?display=pdf&idsId=02969254,"15/07/2025
8:20 am",VR1,other
ATV Activities Update 2 pages 106.1KB,https://www.asx.com.au/asx/v2/statistics/displayAnnouncement.do?display=pdf&idsId=02969250,"15/07/2025
8:19 am",ATV,update
Drill Results Add Volume to Mineralised Intrusion at Ferke 14 pages 1.8MB,https://www.asx.com.au/asx/v2/statistics/displayAnnouncement.do?display=pdf&idsId=02969249,"15/07/2025
8:19 am",MPK,financials
Renewal of Saraya Uranium Exploration Permit 6 pages 681.6KB,https://www.asx.com.au/asx/v2/statistics/displayAnnouncement.do?display=pdf&idsId=02969248,"15/07/2025
8:19 am",HAR,other
Significant Exploration Target Defined at DulcieGold Project 66 pages 4.8MB,https://www.asx.com.au/asx/v2/statistics/displayAnnouncement.do?display=pdf&idsId=02969247,"15/07/2025
8:19 am",ZNC,other
Copper Identified at New Conglomerate Creek Vein System 10 pages 992.2KB,https://www.asx.com.au/asx/v2/statistics/displayAnnouncement.do?display=pdf&idsId=02969246,"15/07/2025
8:19 am",AM5,other
Targets Defined for Maiden Drill Program 28 pages 2.1MB,https://www.asx.com.au/asx/v2/statistics/displayAnnouncement.do?display=pdf&idsId=02969245,"15/07/2025
8:18 am",MHM,other
Gidji Drilling & SAM Survey Highlight Bedrock Gold Targets 21 pages 2.8MB,https://www.asx.com.au/asx/v2/statistics/displayAnnouncement.do?display=pdf&idsId=02969244,"15/07/2025
8:18 am",M2R,other
Midrim Field & AI Program Initiated Targeting High-Grade Cu 18 pages 1.6MB,https://www.asx.com.au/asx/v2/statistics/displayAnnouncement.do?display=pdf&idsId=02969243,"15/07/2025
8:18 am",PVT,other
Aircore doubles Lighthorse strike prompts RC drilling 20 pages 2.6MB,https://www.asx.com.au/asx/v2/statistics/displayAnnouncement.do?display=pdf&idsId=02969241,"15/07/2025
8:18 am",KAL,other
Expands Uranium Footprint with Grant of Botsalano Project 5 pages 628.4KB,https://www.asx.com.au/asx/v2/statistics/displayAnnouncement.do?display=pdf&idsId=02969240,"15/07/2025
8:18 am",PLN,other
Moblan Final 2024 Drill Results 31 pages 2.0MB,https://www.asx.com.au/asx/v2/statistics/displayAnnouncement.do?display=pdf&idsId=02969239,"15/07/2025
8:17 am",SYA,financials
High grade Gold Confirms Emjay Prospectivity 15 pages 1.5MB,https://www.asx.com.au/asx/v2/statistics/displayAnnouncement.do?display=pdf&idsId=02969236,"15/07/2025
8:16 am",WIN,other
Geophysical programs underway at Jessica Copper (NT) 5 pages 1.1MB,https://www.asx.com.au/asx/v2/statistics/displayAnnouncement.do?display=pdf&idsId=02969235,"15/07/2025
8:16 am",ENR,other
Q4 Preliminary Update 1 page 141.6KB,https://www.asx.com.au/asx/v2/statistics/displayAnnouncement.do?display=pdf&idsId=02969234,"15/07/2025
8:16 am",SBM,update
Scheme Update - FIRB approval granted 1 page 198.3KB,https://www.asx.com.au/asx/v2/statistics/displayAnnouncement.do?display=pdf&idsId=02969483,"15/07/2025
3:23 pm",SLH,update
Suspension from Quotation 3 pages 346.8KB,https://www.asx.com.au/asx/v2/statistics/displayAnnouncement.do?display=pdf&idsId=02969448,"15/07/2025
1:02 pm",BCB,trading
Pause in Trading 1 page 115.6KB,https://www.asx.com.au/asx/v2/statistics/displayAnnouncement.do?display=pdf&idsId=02969445,"15/07/2025
12:52 pm",BCB,other
Update in relation to non-binding indicative proposal 2 pages 136.1KB,https://www.asx.com.au/asx/v2/statistics/displayAnnouncement.do?display=pdf&idsId=02969425,"15/07/2025
11:44 am",HUM,update
Saunders Acquisition of Aqua Metro - Presentation 16 pages 2.4MB,https://www.asx.com.au/asx/v2/statistics/displayAnnouncement.do?display=pdf&idsId=02969422,"15/07/2025
11:37 am",SND,acquisition
Saunders Announces Acquisition of Aqua Metro 4 pages 212.5KB,https://www.asx.com.au/asx/v2/statistics/displayAnnouncement.do?display=pdf&idsId=02969421,"15/07/2025
11:36 am",SND,acquisition
Quarterly Appendix 5B Cash Flow Report 5 pages 466.5KB,https://www.asx.com.au/asx/v2/statistics/displayAnnouncement.do?display=pdf&idsId=02969411,"15/07/2025
11:05 am",LEG,financials
Quarterly Activities Report 8 pages 975.2KB,https://www.asx.com.au/asx/v2/statistics/displayAnnouncement.do?display=pdf&idsId=02969410,"15/07/2025
11:03 am",LEG,financials
Appoints Altris Engineering as lead on Ema Feasibility Study 4 pages 312.3KB,https://www.asx.com.au/asx/v2/statistics/displayAnnouncement.do?display=pdf&idsId=02969401,"15/07/2025
10:22 am",BCM,other
First Trench Results Confirm High-Grade Graphite at Morogoro 13 pages 3.4MB,https://www.asx.com.au/asx/v2/statistics/displayAnnouncement.do?display=pdf&idsId=02970146,"17/07/2025
10:07 am",IVG,financials
Carnavale increases Resource at Kookynie Gold Project 29 pages 4.0MB,https://www.asx.com.au/asx/v2/statistics/displayAnnouncement.do?display=pdf&idsId=02970142,"17/07/2025
10:00 am",CAV,other
Lumos Signs Binding Term Sheet for A$5M Loan Facility 5 pages 280.8KB,https://www.asx.com.au/asx/v2/statistics/displayAnnouncement.do?display=pdf&idsId=02970141,"17/07/2025
10:00 am",LDX,other
Trading Halt 2 pages 304.4KB,https://www.asx.com.au/asx/v2/statistics/displayAnnouncement.do?display=pdf&idsId=02970138,"17/07/2025
9:58 am",HRN,trading
Pause in Trading 1 page 115.5KB,https://www.asx.com.au/asx/v2/statistics/displayAnnouncement.do?display=pdf&idsId=02970137,"17/07/2025
9:56 am",HRN,other
Quarterly Activities_Appendix 5B Cash Flow Report 11 pages 3.7MB,https://www.asx.com.au/asx/v2/statistics/displayAnnouncement.do?display=pdf&idsId=02970133,"17/07/2025
9:53 am",MTM,financials
Response to ASX Price Query 4 pages 445.6KB,https://www.asx.com.au/asx/v2/statistics/displayAnnouncement.do?display=pdf&idsId=02970130,"17/07/2025
9:48 am",AR3,other
Co-PSMA trial recruitment successfully completed 4 pages 317.2KB,https://www.asx.com.au/asx/v2/statistics/displayAnnouncement.do?display=pdf&idsId=02970128,"17/07/2025
9:45 am",CU6,other
Trading Halt 2 pages 283.8KB,https://www.asx.com.au/asx/v2/statistics/displayAnnouncement.do?display=pdf&idsId=02970125,"17/07/2025
9:43 am",RNX,trading
Second Month Seaweed Revenue Results Increase 17.7% 2 pages 159.6KB,https://www.asx.com.au/asx/v2/statistics/displayAnnouncement.do?display=pdf&idsId=02970123,"17/07/2025
9:42 am",BP8,financials
Nova Announces Closing of US$11.1m NASDAQ Offering 3 pages 134.3KB,https://www.asx.com.au/asx/v2/statistics/displayAnnouncement.do?display=pdf&idsId=02970121,"17/07/2025
9:41 am",NVA,other
Update to Strategic Placement to Paramount Earthmoving 1 page 156.1KB,https://www.asx.com.au/asx/v2/statistics/displayAnnouncement.do?display=pdf&idsId=02970114,"17/07/2025
9:34 am",M4M,funding
NEW WORLD BOARD RECOMMENDS REVISED CAML TAKEOVER OFFER 11 pages 3.5MB,https://www.asx.com.au/asx/v2/statistics/displayAnnouncement.do?display=pdf&idsId=02970111,"17/07/2025
9:33 am",NWC,acquisition
PBH: Response to Unsolicited Betr Offer - Take No Action 1 page 142.5KB,https://www.asx.com.au/asx/v2/statistics/displayAnnouncement.do?display=pdf&idsId=02970110,"17/07/2025
9:31 am",BBT,other
Response to Unsolicited Betr Offer - Take No Action 1 page 142.5KB,https://www.asx.com.au/asx/v2/statistics/displayAnnouncement.do?display=pdf&idsId=02970110,"17/07/2025
9:31 am",PBH,other
LKY Confirms Expanded Antimony & REE Targets at Mojave 13 pages 1.0MB,https://www.asx.com.au/asx/v2/statistics/displayAnnouncement.do?display=pdf&idsId=02970109,"17/07/2025
9:31 am",LKY,other
Quarterly Activities Report and Appendix 4C 16 pages 1.9MB,https://www.asx.com.au/asx/v2/statistics/displayAnnouncement.do?display=pdf&idsId=02970107,"17/07/2025
9:28 am",LGP,financials
Trading Halt 2 pages 317.6KB,https://www.asx.com.au/asx/v2/statistics/displayAnnouncement.do?display=pdf&idsId=02970106,"17/07/2025
9:27 am",ARV,trading
Storm Copper Offtake Deal Finalised 7 pages 691.7KB,https://www.asx.com.au/asx/v2/statistics/displayAnnouncement.do?display=pdf&idsId=02970103,"17/07/2025
9:27 am",AW1,other
Update on MBIE request for views on economic regulation 1 page 162.8KB,https://www.asx.com.au/asx/v2/statistics/displayAnnouncement.do?display=pdf&idsId=02970098,"17/07/2025
9:24 am",AIA,update
Trading Halt 2 pages 578.8KB,https://www.asx.com.au/asx/v2/statistics/displayAnnouncement.do?display=pdf&idsId=02970093,"17/07/2025
9:15 am",ORD,trading
"Agreement Signed to Advance CO2 Opportunity at Nangwary, SAr 3 pages 523.5KB",https://www.asx.com.au/asx/v2/statistics/displayAnnouncement.do?display=pdf&idsId=02970091,"17/07/2025
9:15 am",LKO,other
Additional Placement of Shortfall under Entitlement Offer 1 page 155.1KB,https://www.asx.com.au/asx/v2/statistics/displayAnnouncement.do?display=pdf&idsId=02970089,"17/07/2025
9:14 am",TCF,funding
Tali Resources Ltd ASX Listing 1 page 157.9KB,https://www.asx.com.au/asx/v2/statistics/displayAnnouncement.do?display=pdf&idsId=02970088,"17/07/2025
9:14 am",AMN,other
June 2025 Quarterly Activities & Cashflow Report 20 pages 7.5MB,https://www.asx.com.au/asx/v2/statistics/displayAnnouncement.do?display=pdf&idsId=02970087,"17/07/2025
9:14 am",AKA,financials
Preliminary Final Results 33 pages 1.9MB,https://www.asx.com.au/asx/v2/statistics/displayAnnouncement.do?display=pdf&idsId=02970086,"17/07/2025
9:13 am",MIR,financials
Trading Halt 3 pages 279.8KB,https://www.asx.com.au/asx/v2/statistics/displayAnnouncement.do?display=pdf&idsId=02970082,"17/07/2025
9:11 am",REE,trading
2025 Santos Second Quarter Report 19 pages 840.4KB,https://www.asx.com.au/asx/v2/statistics/displayAnnouncement.do?display=pdf&idsId=02970081,"17/07/2025
9:10 am",STO,other
Mt York Drill Results 18 pages 2.2MB,https://www.asx.com.au/asx/v2/statistics/displayAnnouncement.do?display=pdf&idsId=02970080,"17/07/2025
9:09 am",KAI,financials
Gas Sale Agreement Signed with PLN EPI 4 pages 213.9KB,https://www.asx.com.au/asx/v2/statistics/displayAnnouncement.do?display=pdf&idsId=02970076,"17/07/2025
9:07 am",CRD,other
Trading Halt 2 pages 448.5KB,https://www.asx.com.au/asx/v2/statistics/displayAnnouncement.do?display=pdf&idsId=02970075,"17/07/2025
9:07 am",SLA,trading
Positive Rare Earth Metallurgical Results 15 pages 3.0MB,https://www.asx.com.au/asx/v2/statistics/displayAnnouncement.do?display=pdf&idsId=02970074,"17/07/2025
9:06 am",OSM,financials
Pacific Edge Opens $5.0 Million Share Purchase Plan 31 pages 1.4MB,https://www.asx.com.au/asx/v2/statistics/displayAnnouncement.do?display=pdf&idsId=02970073,"17/07/2025
9:06 am",PEB,other
VIRIDION JV SECURES LAND FOR BRAZIL RARE EARTHS FACILITY 10 pages 908.6KB,https://www.asx.com.au/asx/v2/statistics/displayAnnouncement.do?display=pdf&idsId=02970070,"17/07/2025
9:04 am",IXR,other
CEO Succession Plan 2 pages 221.0KB,https://www.asx.com.au/asx/v2/statistics/displayAnnouncement.do?display=pdf&idsId=02970069,"17/07/2025
9:04 am",MCO,management
Growth Business Update - July 2025 2 pages 386.5KB,https://www.asx.com.au/asx/v2/statistics/displayAnnouncement.do?display=pdf&idsId=02970068,"17/07/2025
9:04 am",RLF,update
Quarterly Activities_Appendix 4C Cash Flow Report 10 pages 2.7MB,https://www.asx.com.au/asx/v2/statistics/displayAnnouncement.do?display=pdf&idsId=02970067,"17/07/2025
9:03 am",VNL,financials
Compelling New Results from ongoing Mumbezhi Metwork 21 pages 1.4MB,https://www.asx.com.au/asx/v2/statistics/displayAnnouncement.do?display=pdf&idsId=02970066,"17/07/2025
9:02 am",PSC,financials
Quarterly Activities_Appendix 4C Cash Flow Report 8 pages 1.1MB,https://www.asx.com.au/asx/v2/statistics/displayAnnouncement.do?display=pdf&idsId=02970065,"17/07/2025
9:01 am",TNY,financials
ADG: ADG Celebrates First Gold Pour At Challenger 5 pages 537.2KB,https://www.asx.com.au/asx/v2/statistics/displayAnnouncement.do?display=pdf&idsId=02970063,"17/07/2025
8:59 am",GDM,other
ADG Celebrates First Gold Pour At Challenger 5 pages 537.2KB,https://www.asx.com.au/asx/v2/statistics/displayAnnouncement.do?display=pdf&idsId=02970063,"17/07/2025
8:59 am",ADG,other
Viridion Secures Site for REE Refining & Recycling Hub 9 pages 1.2MB,https://www.asx.com.au/asx/v2/statistics/displayAnnouncement.do?display=pdf&idsId=02970062,"17/07/2025
8:58 am",VMM,other
IP Targets identified at Coober Pedy 9 pages 1.3MB,https://www.asx.com.au/asx/v2/statistics/displayAnnouncement.do?display=pdf&idsId=02970057,"17/07/2025
8:55 am",AQD,other
Agreement with NASDAQ-Listed Gelteq for Dedicated Facility 2 pages 144.5KB,https://www.asx.com.au/asx/v2/statistics/displayAnnouncement.do?display=pdf&idsId=02970048,"17/07/2025
8:49 am",IDT,other
"FY25 global sales exceed projection, up 49% on prior year 2 pages 337.8KB",https://www.asx.com.au/asx/v2/statistics/displayAnnouncement.do?display=pdf&idsId=02970040,"17/07/2025
8:44 am",IMC,other
Very high-grade Green Bay infill drilling results 35 pages 1.8MB,https://www.asx.com.au/asx/v2/statistics/displayAnnouncement.do?display=pdf&idsId=02970039,"17/07/2025
8:42 am",FFM,financials
Heap Leachable Gold Mineralisation Intersected Fairview Nth 39 pages 6.9MB,https://www.asx.com.au/asx/v2/statistics/displayAnnouncement.do?display=pdf&idsId=02970032,"17/07/2025
8:39 am",SVY,other
CAML Bidder's Statement 74 pages 1.9MB,https://www.asx.com.au/asx/v2/statistics/displayAnnouncement.do?display=pdf&idsId=02970025,"17/07/2025
8:30 am",NWC,other
MLG Awarded Crushing & Screening Contract with Fortescue 2 pages 140.8KB,https://www.asx.com.au/asx/v2/statistics/displayAnnouncement.do?display=pdf&idsId=02970022,"17/07/2025
8:29 am",MLG,other
Rafael Gas Project Update 3 pages 335.5KB,https://www.asx.com.au/asx/v2/statistics/displayAnnouncement.do?display=pdf&idsId=02970021,"17/07/2025
8:29 am",BRU,update
"CAR Group announces CEO transition, estimate of FY25 results 7 pages 157.8KB",https://www.asx.com.au/asx/v2/statistics/displayAnnouncement.do?display=pdf&idsId=02970020,"17/07/2025
8:29 am",CAR,financials
Leadership For EOL's Next Era 2 pages 187.3KB,https://www.asx.com.au/asx/v2/statistics/displayAnnouncement.do?display=pdf&idsId=02970018,"17/07/2025
8:28 am",EOL,other
Appendix 4C - Q4 FY25 6 pages 1.1MB,https://www.asx.com.au/asx/v2/statistics/displayAnnouncement.do?display=pdf&idsId=02970012,"17/07/2025
8:27 am",VFX,other
CP8 applies for Multi-Year Area-Based Exploration Permit 35 pages 2.3MB,https://www.asx.com.au/asx/v2/statistics/displayAnnouncement.do?display=pdf&idsId=02970010,"17/07/2025
8:27 am",CP8,other
AEF Quarterly FUM Update 30 June 2025 2 pages 126.6KB,https://www.asx.com.au/asx/v2/statistics/displayAnnouncement.do?display=pdf&idsId=02970009,"17/07/2025
8:27 am",AEF,financials
Quarterly Activity Report - Q4 FY25 3 pages 231.9KB,https://www.asx.com.au/asx/v2/statistics/displayAnnouncement.do?display=pdf&idsId=02970008,"17/07/2025
8:27 am",VFX,financials
Mt Everest-Mona VMS Target Returns 24.2% Cu Rock Chip 40 pages 3.5MB,https://www.asx.com.au/asx/v2/statistics/displayAnnouncement.do?display=pdf&idsId=02970007,"17/07/2025
8:26 am",CMO,other
Mulwarrie Drilling Update 16 pages 1.4MB,https://www.asx.com.au/asx/v2/statistics/displayAnnouncement.do?display=pdf&idsId=02970006,"17/07/2025
8:26 am",GG8,update
FY25 Full Year Results Trading Update 2 pages 144.8KB,https://www.asx.com.au/asx/v2/statistics/displayAnnouncement.do?display=pdf&idsId=02970004,"17/07/2025
8:25 am",IRI,financials
Rise and Shine Marches North 17 pages 976.0KB,https://www.asx.com.au/asx/v2/statistics/displayAnnouncement.do?display=pdf&idsId=02970002,"17/07/2025
8:25 am",SMI,other
High Grade Mineralisation in Maiden Drilling - Crosbie South 17 pages 2.1MB,https://www.asx.com.au/asx/v2/statistics/displayAnnouncement.do?display=pdf&idsId=02969999,"17/07/2025
8:24 am",BUS,other
Ironbark scoping study highlights robust mining opportunity 43 pages 3.0MB,https://www.asx.com.au/asx/v2/statistics/displayAnnouncement.do?display=pdf&idsId=02969998,"17/07/2025
8:24 am",GBR,other
Quarterly Cash Flow Report June 2025 5 pages 227.8KB,https://www.asx.com.au/asx/v2/statistics/displayAnnouncement.do?display=pdf&idsId=02969997,"17/07/2025
8:24 am",GAL,financials
June 2025 Quarterly Report - Investor Presentation 28 pages 5.5MB,https://www.asx.com.au/asx/v2/statistics/displayAnnouncement.do?display=pdf&idsId=02969996,"17/07/2025
8:24 am",29M,financials
Quarterly Activities Report June 2025 21 pages 2.4MB,https://www.asx.com.au/asx/v2/statistics/displayAnnouncement.do?display=pdf&idsId=02969994,"17/07/2025
8:23 am",GAL,financials
June 2025 Quarterly Report 13 pages 1.1MB,https://www.asx.com.au/asx/v2/statistics/displayAnnouncement.do?display=pdf&idsId=02969993,"17/07/2025
8:22 am",29M,financials
Quarterly Activities_Appendix 5B Cash Flow Report 14 pages 1.1MB,https://www.asx.com.au/asx/v2/statistics/displayAnnouncement.do?display=pdf&idsId=02969992,"17/07/2025
8:22 am",RXL,financials
"Commencement of EIA, Mineral Modelling & Assay Results 26 pages 1.6MB",https://www.asx.com.au/asx/v2/statistics/displayAnnouncement.do?display=pdf&idsId=02969991,"17/07/2025
8:22 am",CBE,financials
GDM: GDM Pours First Gold 3 pages 390.0KB,https://www.asx.com.au/asx/v2/statistics/displayAnnouncement.do?display=pdf&idsId=02969989,"17/07/2025
8:22 am",ADG,other
GDM Pours First Gold 3 pages 390.0KB,https://www.asx.com.au/asx/v2/statistics/displayAnnouncement.do?display=pdf&idsId=02969989,"17/07/2025
8:22 am",GDM,other
"Form 8-K, Items 2.02 and 9.01 19 pages 273.2KB",https://www.asx.com.au/asx/v2/statistics/displayAnnouncement.do?display=pdf&idsId=02969986,"17/07/2025
8:21 am",AAI,other
Satellite Spectral Imaging Identifies Targets at Desert Star 13 pages 1.9MB,https://www.asx.com.au/asx/v2/statistics/displayAnnouncement.do?display=pdf&idsId=02969982,"17/07/2025
8:20 am",BMM,other
ALD System Commissioned Facility Upgrades Complete 4 pages 492.5KB,https://www.asx.com.au/asx/v2/statistics/displayAnnouncement.do?display=pdf&idsId=02969978,"17/07/2025
8:20 am",AI1,other
Drilling Commences at Leonora South Gold Targets 5 pages 851.1KB,https://www.asx.com.au/asx/v2/statistics/displayAnnouncement.do?display=pdf&idsId=02969976,"17/07/2025
8:19 am",ASR,other
Operations update with mine production up 25% QoQ 20 pages 1.7MB,https://www.asx.com.au/asx/v2/statistics/displayAnnouncement.do?display=pdf&idsId=02969975,"17/07/2025
8:19 am",BTR,update
Quarterly Activities Report - June 2025 19 pages 4.2MB,https://www.asx.com.au/asx/v2/statistics/displayAnnouncement.do?display=pdf&idsId=02969974,"17/07/2025
8:19 am",GOR,financials
PIES adds AI Automation and LLM acceleration to ATV Projects 3 pages 117.1KB,https://www.asx.com.au/asx/v2/statistics/displayAnnouncement.do?display=pdf&idsId=02969973,"17/07/2025
8:19 am",ATV,other
Quarterly Activities Report - June 2025 13 pages 1.3MB,https://www.asx.com.au/asx/v2/statistics/displayAnnouncement.do?display=pdf&idsId=02969972,"17/07/2025
8:18 am",GMD,financials
Operational and Corporate Update 2 pages 342.6KB,https://www.asx.com.au/asx/v2/statistics/displayAnnouncement.do?display=pdf&idsId=02969968,"17/07/2025
8:18 am",CTN,update
Quarterly Cashflow Report - June 2025 5 pages 271.0KB,https://www.asx.com.au/asx/v2/statistics/displayAnnouncement.do?display=pdf&idsId=02969967,"17/07/2025
8:17 am",DRE,financials
Quarterly Activities Report - June 2025 14 pages 1.9MB,https://www.asx.com.au/asx/v2/statistics/displayAnnouncement.do?display=pdf&idsId=02969966,"17/07/2025
8:17 am",DRE,financials
Bulla Park Copper Antimony Project Update 15 pages 1.5MB,https://www.asx.com.au/asx/v2/statistics/displayAnnouncement.do?display=pdf&idsId=02969965,"17/07/2025
8:17 am",WC1,update
June 2025 Quarterly Activities Report and Appendix 4C 15 pages 2.3MB,https://www.asx.com.au/asx/v2/statistics/displayAnnouncement.do?display=pdf&idsId=02969964,"17/07/2025
8:17 am",CF1,financials
Letter to Ineligible Shareholders 2 pages 147.9KB,https://www.asx.com.au/asx/v2/statistics/displayAnnouncement.do?display=pdf&idsId=02970976,"21/07/2025
9:23 am",HRN,other
Investor Presentation 19 pages 3.5MB,https://www.asx.com.au/asx/v2/statistics/displayAnnouncement.do?display=pdf&idsId=02970975,"21/07/2025
9:23 am",HRN,financials
High-grade gold intercepts identify new target at Goongarrie 19 pages 1.9MB,https://www.asx.com.au/asx/v2/statistics/displayAnnouncement.do?display=pdf&idsId=02970974,"21/07/2025
9:23 am",CAZ,other
Non-Renounceable Issue 33 pages 513.9KB,https://www.asx.com.au/asx/v2/statistics/displayAnnouncement.do?display=pdf&idsId=02970973,"21/07/2025
9:23 am",HRN,other
$12M Equity Raise Undertaken 6 pages 870.3KB,https://www.asx.com.au/asx/v2/statistics/displayAnnouncement.do?display=pdf&idsId=02970972,"21/07/2025
9:22 am",HRN,funding
Acquisition Update 3 pages 1.4MB,https://www.asx.com.au/asx/v2/statistics/displayAnnouncement.do?display=pdf&idsId=02970969,"21/07/2025
9:22 am",BLZ,acquisition
Trading Halt 2 pages 251.8KB,https://www.asx.com.au/asx/v2/statistics/displayAnnouncement.do?display=pdf&idsId=02970968,"21/07/2025
9:22 am",MEI,trading
Quarterly Activity Report and Appendix 4C 10 pages 1.0MB,https://www.asx.com.au/asx/v2/statistics/displayAnnouncement.do?display=pdf&idsId=02970962,"21/07/2025
9:20 am",ELS,financials
Agreement for combined Anteo X product in the USA 4 pages 523.2KB,https://www.asx.com.au/asx/v2/statistics/displayAnnouncement.do?display=pdf&idsId=02970961,"21/07/2025
9:20 am",ADO,other
Quarterly Activities Report and Appendix 4C 11 pages 610.9KB,https://www.asx.com.au/asx/v2/statistics/displayAnnouncement.do?display=pdf&idsId=02970960,"21/07/2025
9:19 am",3DA,financials
Beacon Announces On Market Share Buy-Back 2 pages 126.6KB,https://www.asx.com.au/asx/v2/statistics/displayAnnouncement.do?display=pdf&idsId=02970956,"21/07/2025
9:17 am",BCN,other
Trading Halt 2 pages 190.4KB,https://www.asx.com.au/asx/v2/statistics/displayAnnouncement.do?display=pdf&idsId=02970955,"21/07/2025
9:17 am",IPX,trading
Extensional Targets Confirmed by Assays at Surprise 14 pages 1.3MB,https://www.asx.com.au/asx/v2/statistics/displayAnnouncement.do?display=pdf&idsId=02970953,"21/07/2025
9:16 am",AM5,other
"Equity Raising of up to $2,290,000 3 pages 295.6KB",https://www.asx.com.au/asx/v2/statistics/displayAnnouncement.do?display=pdf&idsId=02970950,"21/07/2025
9:16 am",RNX,funding
Trading Halt 2 pages 186.0KB,https://www.asx.com.au/asx/v2/statistics/displayAnnouncement.do?display=pdf&idsId=02970947,"21/07/2025
9:13 am",ATX,trading
RBR Positions for Mozambique LNG Growth 2 pages 339.2KB,https://www.asx.com.au/asx/v2/statistics/displayAnnouncement.do?display=pdf&idsId=02970946,"21/07/2025
9:13 am",RBR,other
BKI Investor Presentation - 2025 Full Year Results 26 pages 1.9MB,https://www.asx.com.au/asx/v2/statistics/displayAnnouncement.do?display=pdf&idsId=02970945,"21/07/2025
9:12 am",BKI,financials
RareX Raises $2 Million 3 pages 247.6KB,https://www.asx.com.au/asx/v2/statistics/displayAnnouncement.do?display=pdf&idsId=02970942,"21/07/2025
9:11 am",REE,other
BKI Announces 2025 Full Year Results 5 pages 270.3KB,https://www.asx.com.au/asx/v2/statistics/displayAnnouncement.do?display=pdf&idsId=02970941,"21/07/2025
9:11 am",BKI,financials
Tivan and Sumitomo agree development pathway at Sandover 5 pages 360.5KB,https://www.asx.com.au/asx/v2/statistics/displayAnnouncement.do?display=pdf&idsId=02970935,"21/07/2025
9:09 am",TVN,other
JOGMEC joins Speewah Fluorite Project joint venture 3 pages 281.7KB,https://www.asx.com.au/asx/v2/statistics/displayAnnouncement.do?display=pdf&idsId=02970934,"21/07/2025
9:09 am",TVN,other
Quarterly activities and cashflow report 10 pages 799.2KB,https://www.asx.com.au/asx/v2/statistics/displayAnnouncement.do?display=pdf&idsId=02970933,"21/07/2025
9:09 am",COV,financials
BKI FY25 Preliminary Final Report & Annual Report 57 pages 2.4MB,https://www.asx.com.au/asx/v2/statistics/displayAnnouncement.do?display=pdf&idsId=02970932,"21/07/2025
9:08 am",BKI,financials
Veris Awarded $16-$20m Suburban Rail Loop Contract 2 pages 549.5KB,https://www.asx.com.au/asx/v2/statistics/displayAnnouncement.do?display=pdf&idsId=02970929,"21/07/2025
9:08 am",VRS,other
June 2025 Quarterly Activities Report & Cashflow Report 21 pages 2.4MB,https://www.asx.com.au/asx/v2/statistics/displayAnnouncement.do?display=pdf&idsId=02970927,"21/07/2025
9:07 am",SRZ,financials
High-grade silver results received from resource drilling 32 pages 4.4MB,https://www.asx.com.au/asx/v2/statistics/displayAnnouncement.do?display=pdf&idsId=02970924,"21/07/2025
9:06 am",ILT,financials
Trading halt 3 pages 504.1KB,https://www.asx.com.au/asx/v2/statistics/displayAnnouncement.do?display=pdf&idsId=02970923,"21/07/2025
9:05 am",ELS,trading
Quarterly Activities Report and Appendix 5B Jun 25 14 pages 1.2MB,https://www.asx.com.au/asx/v2/statistics/displayAnnouncement.do?display=pdf&idsId=02970920,"21/07/2025
9:02 am",EXR,financials
Final US FDA De Novo Clearance Submission Completed 3 pages 214.4KB,https://www.asx.com.au/asx/v2/statistics/displayAnnouncement.do?display=pdf&idsId=02970917,"21/07/2025
9:01 am",PCK,other
Oil Production Restart and US Appointments 3 pages 740.7KB,https://www.asx.com.au/asx/v2/statistics/displayAnnouncement.do?display=pdf&idsId=02970914,"21/07/2025
9:00 am",HE8,management
Tin Enhances High-Grade Antimony and Silver Intercepts 20 pages 1.8MB,https://www.asx.com.au/asx/v2/statistics/displayAnnouncement.do?display=pdf&idsId=02970912,"21/07/2025
8:59 am",LDR,other
Dundas secures large 612km2 of Gerry Well Greenstone ELs 5 pages 748.1KB,https://www.asx.com.au/asx/v2/statistics/displayAnnouncement.do?display=pdf&idsId=02970910,"21/07/2025
8:59 am",DUN,other
DUN:Dundas secures large 612km2 of Gerry Well Greenstone ELs 5 pages 748.1KB,https://www.asx.com.au/asx/v2/statistics/displayAnnouncement.do?display=pdf&idsId=02970910,"21/07/2025
8:59 am",TMB,other
Quarterly Activities_Appendix 4C Cash Flow Report 9 pages 804.2KB,https://www.asx.com.au/asx/v2/statistics/displayAnnouncement.do?display=pdf&idsId=02970909,"21/07/2025
8:59 am",NOR,financials
High-Grade Au in Rock Chips at Sybil 25 pages 5.5MB,https://www.asx.com.au/asx/v2/statistics/displayAnnouncement.do?display=pdf&idsId=02970905,"21/07/2025
8:57 am",SHN,other
Quarterly Activities_Appendix 4C Cash Flow Report 13 pages 591.0KB,https://www.asx.com.au/asx/v2/statistics/displayAnnouncement.do?display=pdf&idsId=02970904,"21/07/2025
8:56 am",LDX,financials
Central Gawler Mill Refurbishment Estimated at A$26m 6 pages 573.3KB,https://www.asx.com.au/asx/v2/statistics/displayAnnouncement.do?display=pdf&idsId=02970902,"21/07/2025
8:55 am",BGD,other
Cangallo Drilling Progress Report 22 pages 1.9MB,https://www.asx.com.au/asx/v2/statistics/displayAnnouncement.do?display=pdf&idsId=02970901,"21/07/2025
8:55 am",AQD,other
Caldeira Project PFS Presentation 33 pages 3.1MB,https://www.asx.com.au/asx/v2/statistics/displayAnnouncement.do?display=pdf&idsId=02970900,"21/07/2025
8:55 am",MEI,financials
Copper Search Quarterly Activities and Cashflow Report 21 pages 2.1MB,https://www.asx.com.au/asx/v2/statistics/displayAnnouncement.do?display=pdf&idsId=02970899,"21/07/2025
8:54 am",CUS,financials
High-Grade Silver-Tin Zone Discovered at Tallebung 14 pages 1.1MB,https://www.asx.com.au/asx/v2/statistics/displayAnnouncement.do?display=pdf&idsId=02970898,"21/07/2025
8:54 am",SKY,other
High-Grade Surface Results at La Florida 16 pages 1.8MB,https://www.asx.com.au/asx/v2/statistics/displayAnnouncement.do?display=pdf&idsId=02970894,"21/07/2025
8:52 am",CPO,financials
Worlds Largest Pollucite-Hosted Caesium Pegmatite Deposit 48 pages 3.2MB,https://www.asx.com.au/asx/v2/statistics/displayAnnouncement.do?display=pdf&idsId=02970893,"21/07/2025
8:52 am",PMT,other
"PFS Confirms Caldeira as a Strategic, Long-life REE Project 89 pages 8.5MB",https://www.asx.com.au/asx/v2/statistics/displayAnnouncement.do?display=pdf&idsId=02970892,"21/07/2025
8:51 am",MEI,other
Dennis Donald transitions to Executive Chairman 7 pages 453.5KB,https://www.asx.com.au/asx/v2/statistics/displayAnnouncement.do?display=pdf&idsId=02970891,"21/07/2025
8:51 am",NHE,other
Quarterly Activities_Appendix 5B Cash Flow Report 9 pages 425.5KB,https://www.asx.com.au/asx/v2/statistics/displayAnnouncement.do?display=pdf&idsId=02970883,"21/07/2025
8:46 am",AEE,financials
Quarterly Activities_Appendix 4C Cash Flow Report 11 pages 690.8KB,https://www.asx.com.au/asx/v2/statistics/displayAnnouncement.do?display=pdf&idsId=02970878,"21/07/2025
8:42 am",PYC,financials
AMP Limited provides 2Q 25 cashflows 6 pages 589.0KB,https://www.asx.com.au/asx/v2/statistics/displayAnnouncement.do?display=pdf&idsId=02970871,"21/07/2025
8:32 am",AMP,other
Quarterly Report June 2025 12 pages 139.2KB,https://www.asx.com.au/asx/v2/statistics/displayAnnouncement.do?display=pdf&idsId=02970869,"21/07/2025
8:31 am",S32,financials
FY25 Unaudited Results 2 pages 151.6KB,https://www.asx.com.au/asx/v2/statistics/displayAnnouncement.do?display=pdf&idsId=02970868,"21/07/2025
8:29 am",CAF,financials
Transformational Acquisition of Baker Young 5 pages 279.6KB,https://www.asx.com.au/asx/v2/statistics/displayAnnouncement.do?display=pdf&idsId=02970865,"21/07/2025
8:28 am",EQS,acquisition
NWC RECOMMENDS SHAREHOLDERS ACCEPT KINTERRA OFFER 2 pages 1.6MB,https://www.asx.com.au/asx/v2/statistics/displayAnnouncement.do?display=pdf&idsId=02970864,"21/07/2025
8:27 am",NWC,other
Quarterly Update and Outlook - June 2025 13 pages 5.1MB,https://www.asx.com.au/asx/v2/statistics/displayAnnouncement.do?display=pdf&idsId=02970863,"21/07/2025
8:27 am",AMI,financials
Drilling Programs Ramp Up at RPM 14 pages 1.4MB,https://www.asx.com.au/asx/v2/statistics/displayAnnouncement.do?display=pdf&idsId=02970862,"21/07/2025
8:27 am",NVA,other
Unaudited FY25 Result 2 pages 664.0KB,https://www.asx.com.au/asx/v2/statistics/displayAnnouncement.do?display=pdf&idsId=02970860,"21/07/2025
8:27 am",PLY,other
Loyal and Dr. Simon Beams to Unlock Highway Reward Potential 9 pages 588.5KB,https://www.asx.com.au/asx/v2/statistics/displayAnnouncement.do?display=pdf&idsId=02970859,"21/07/2025
8:26 am",LLM,other
Quarterly Activities Report - June 2025 16 pages 1.1MB,https://www.asx.com.au/asx/v2/statistics/displayAnnouncement.do?display=pdf&idsId=02970857,"21/07/2025
8:26 am",AMI,financials
Quarterly Activities_Appendix 5B Cash Flow Report 11 pages 1.1MB,https://www.asx.com.au/asx/v2/statistics/displayAnnouncement.do?display=pdf&idsId=02970855,"21/07/2025
8:26 am",M3M,financials
Patient recruitment for world first TRP-8803 trial underway 3 pages 299.5KB,https://www.asx.com.au/asx/v2/statistics/displayAnnouncement.do?display=pdf&idsId=02970853,"21/07/2025
8:26 am",TYP,other
Quarterly Activities and Cashflow Reports 14 pages 1.2MB,https://www.asx.com.au/asx/v2/statistics/displayAnnouncement.do?display=pdf&idsId=02970852,"21/07/2025
8:26 am",NPM,financials
Share Purchase Plan closes substantially oversubscribed 2 pages 204.8KB,https://www.asx.com.au/asx/v2/statistics/displayAnnouncement.do?display=pdf&idsId=02970850,"21/07/2025
8:26 am",ASM,other
Final Phase I Clinical Trial Patients Dosed and Discharged 4 pages 306.4KB,https://www.asx.com.au/asx/v2/statistics/displayAnnouncement.do?display=pdf&idsId=02970849,"21/07/2025
8:26 am",NYR,other
June Quarterly Report 31 pages 5.2MB,https://www.asx.com.au/asx/v2/statistics/displayAnnouncement.do?display=pdf&idsId=02970848,"21/07/2025
8:26 am",A1M,financials
$7.3 Million Boost to Balance Sheet as FY23 R&D Refund Rec'd 2 pages 233.0KB,https://www.asx.com.au/asx/v2/statistics/displayAnnouncement.do?display=pdf&idsId=02970847,"21/07/2025
8:26 am",OMA,other
8m @ 18g_t Au from surface at Tole 40 pages 3.9MB,https://www.asx.com.au/asx/v2/statistics/displayAnnouncement.do?display=pdf&idsId=02970846,"21/07/2025
8:25 am",DES,other
Exploration Commences at High-Grade Excelsior Gold Project 8 pages 1.3MB,https://www.asx.com.au/asx/v2/statistics/displayAnnouncement.do?display=pdf&idsId=02970845,"21/07/2025
8:25 am",FTL,other
Revised Non-binding Indicative Proposal 1 page 111.7KB,https://www.asx.com.au/asx/v2/statistics/displayAnnouncement.do?display=pdf&idsId=02970844,"21/07/2025
8:25 am",ASK,other
More Stand-Out High Grade Gold Results At Kookabookra 19 pages 2.4MB,https://www.asx.com.au/asx/v2/statistics/displayAnnouncement.do?display=pdf&idsId=02970843,"21/07/2025
8:25 am",THB,financials
Lunnon Metals' Nickel Scoping Study Results 115 pages 8.3MB,https://www.asx.com.au/asx/v2/statistics/displayAnnouncement.do?display=pdf&idsId=02970842,"21/07/2025
8:25 am",LM8,financials
Exceptional High-Grade Intercepts at Island Gold Project 22 pages 2.6MB,https://www.asx.com.au/asx/v2/statistics/displayAnnouncement.do?display=pdf&idsId=02970841,"21/07/2025
8:25 am",CRS,other
FY25 free cash flow exceeds guidance 1 page 235.6KB,https://www.asx.com.au/asx/v2/statistics/displayAnnouncement.do?display=pdf&idsId=02970840,"21/07/2025
8:25 am",PRN,other
Board Changes and Update on Loans 1 page 288.7KB,https://www.asx.com.au/asx/v2/statistics/displayAnnouncement.do?display=pdf&idsId=02970839,"21/07/2025
8:25 am",DMG,update
RC Gold Drilling Program Completed in South Australia 5 pages 542.0KB,https://www.asx.com.au/asx/v2/statistics/displayAnnouncement.do?display=pdf&idsId=02970838,"21/07/2025
8:24 am",SRI,other
Australian Unity agrees to buy Plena Healthcare 2 pages 95.8KB,https://www.asx.com.au/asx/v2/statistics/displayAnnouncement.do?display=pdf&idsId=02970837,"21/07/2025
8:24 am",AYU,other
Carmen Copper Project Drilling Permit Granted 3 pages 318.7KB,https://www.asx.com.au/asx/v2/statistics/displayAnnouncement.do?display=pdf&idsId=02970835,"21/07/2025
8:24 am",NFL,other
Highgrade Uranium Mineralisation Confirmed at Thunderball 36 pages 4.5MB,https://www.asx.com.au/asx/v2/statistics/displayAnnouncement.do?display=pdf&idsId=02970834,"21/07/2025
8:24 am",PTN,other
Exploration Target defined at Irajuba 27 pages 2.9MB,https://www.asx.com.au/asx/v2/statistics/displayAnnouncement.do?display=pdf&idsId=02970833,"21/07/2025
8:24 am",GMN,other
METALLURGICAL DRILLING RETURNS 87M AT 1.32% Li2O 17 pages 1.3MB,https://www.asx.com.au/asx/v2/statistics/displayAnnouncement.do?display=pdf&idsId=02970831,"21/07/2025
8:24 am",WC8,other
"Further Wide, High-Grade Gold Intervals at Ricciardo 17 pages 4.7MB",https://www.asx.com.au/asx/v2/statistics/displayAnnouncement.do?display=pdf&idsId=02970830,"21/07/2025
8:24 am",WA8,other
Quarterly Activities_Appendix 5B Cash Flow Report 31 pages 6.4MB,https://www.asx.com.au/asx/v2/statistics/displayAnnouncement.do?display=pdf&idsId=02970828,"21/07/2025
8:24 am",PNR,financials
Quarterly Activities Report 13 pages 1.5MB,https://www.asx.com.au/asx/v2/statistics/displayAnnouncement.do?display=pdf&idsId=02970826,"21/07/2025
8:23 am",RRL,financials
SALE OF MINING LICENCE FOR UP TO A$9M 4 pages 994.2KB,https://www.asx.com.au/asx/v2/statistics/displayAnnouncement.do?display=pdf&idsId=02970825,"21/07/2025
8:23 am",GSN,other
GSN: SALE OF MINING LICENCE FOR UP TO A$9M 4 pages 994.2KB,https://www.asx.com.au/asx/v2/statistics/displayAnnouncement.do?display=pdf&idsId=02970825,"21/07/2025
8:23 am",RRL,other
Quarterly Activities_Appendix 5B Cash Flow Report 17 pages 2.7MB,https://www.asx.com.au/asx/v2/statistics/displayAnnouncement.do?display=pdf&idsId=02970823,"21/07/2025
8:23 am",TRM,financials
Underground Resources Increased to 2.1Moz 30 pages 2.1MB,https://www.asx.com.au/asx/v2/statistics/displayAnnouncement.do?display=pdf&idsId=02970822,"21/07/2025
8:23 am",RXL,other
Further Expansion of Central Rutile Project 5 pages 1.0MB,https://www.asx.com.au/asx/v2/statistics/displayAnnouncement.do?display=pdf&idsId=02970819,"21/07/2025
8:22 am",DY6,other
Firebird Secures Key LMFP Patents Strengthening Global IP 7 pages 478.6KB,https://www.asx.com.au/asx/v2/statistics/displayAnnouncement.do?display=pdf&idsId=02970804,"21/07/2025
8:21 am",FRB,other
Exploration Commences in Malawi - Critical Minerals Project 4 pages 1.3MB,https://www.asx.com.au/asx/v2/statistics/displayAnnouncement.do?display=pdf&idsId=02970798,"21/07/2025
8:20 am",KGD,other
Quarterly Activities_Appendix 5B Cash Flow Report 42 pages 4.7MB,https://www.asx.com.au/asx/v2/statistics/displayAnnouncement.do?display=pdf&idsId=02970797,"21/07/2025
8:19 am",AUC,financials
High Grade Channel Iron Ore Discovery 14 pages 2.1MB,https://www.asx.com.au/asx/v2/statistics/displayAnnouncement.do?display=pdf&idsId=02970796,"21/07/2025
8:19 am",PGD,other
Quarterly Activities_Appendix 5B Cash Flow Report 22 pages 3.7MB,https://www.asx.com.au/asx/v2/statistics/displayAnnouncement.do?display=pdf&idsId=02970795,"21/07/2025
8:19 am",KNB,financials
June Operating Report 9 pages 1.5MB,https://www.asx.com.au/asx/v2/statistics/displayAnnouncement.do?display=pdf&idsId=02970792,"21/07/2025
7:30 am",CEN,other
